id_aluno;nome_aluno;dta_nsc_aluno;genero_aluno;end_aluno;fone_aluno;mail_aluno
1;João Silva;15/03/2005;Masculino;Rua das Flores, 123;(11) 9876-5432;joao@email.com
2;Maria Santos;20/06/2006;Feminino;Avenida Principal, 456;(11) 8765-4321;maria@email.com
3;Pedro Soares;10/01/2004;Masculino;Rua Central, 789;(11) 7654-3210;pedro@email.com
4;Ana Lima;02/04/2005;Feminino;Rua da Escola, 56;(11) 8765-4321;ana@email.com
5;Mariana Fernandes;12/08/2005;Feminino;Avenida da Paz, 789;(11) 5678-1234;mariana@email.com
6;Lucas Costa;25/11/2003;Masculino;Rua Principal, 456;(11) 1234-5678;lucas@email.com
7;Isabela Santos;10/09/2006;Feminino;Rua da Amizade, 789;(11) 9876-5432;isabela@email.com
8;Gustavo Pereira;15/05/2004;Masculino;Avenida dos Sonhos, 123;(11) 7654-3210;gustavo@email.com
9;Carolina Oliveira;20/02/2005;Feminino;Rua da Alegria, 456;(11) 8765-4321;carolina@email.com
10;Daniel Silva;05/10/2003;Masculino;Avenida Central, 789;(11) 1234-5678;daniel@email.com
11;Larissa Souza;08/12/2004;Feminino;Rua da Felicidade, 123;(11) 9876-5432;larissa@email.com
12;Bruno Costa;30/07/2005;Masculino;Avenida Principal, 456;(11) 7654-3210;bruno@email.com
13;Camila Rodrigues;22/03/2006;Feminino;Rua das Estrelas, 789;(11) 8765-4321;camila@email.com
14;Rafael Fernandes;18/11/2004;Masculino;Avenida dos Sonhos, 123;(11) 1234-5678;rafael@email.com
15;Letícia Oliveira;05/01/2005;Feminino;Rua da Alegria, 456;(11) 9876-5432;leticia@email.com
16;Fernanda Lima;12/02/2004;Feminino;Rua da Esperança, 789;(11) 4567-8901;fernanda@email.com
17;Vinícius Santos;28/07/2003;Masculino;Avenida da Amizade, 123;(11) 8901-2345;vinicius@email.com
18;Juliana Pereira;01/09/2006;Feminino;Rua das Rosas, 789;(11) 3456-7890;juliana@email.com
